{
	"class_name" : "PinholeCameraParameters",
	"extrinsic" : 
	[
		-0.12919679830965938,
		-0.66761940256212216,
		0.73320701076103223,
		0.0,
		-0.98186551293701807,
		-0.017322895548820952,
		-0.18878567687918321,
		0.0,
		0.13873824927344272,
		-0.74430118272941093,
		-0.65327440450100316,
		0.0,
		-0.41213368838887732,
		0.75481147247956804,
		3.3346907350036687,
		1.0
	],
	"intrinsic" : 
	{
		"height" : 1025,
		"intrinsic_matrix" : 
		[
			887.67603887904966,
			0.0,
			0.0,
			0.0,
			887.67603887904966,
			0.0,
			959.5,
			512.0,
			1.0
		],
		"width" : 1920
	},
	"version_major" : 1,
	"version_minor" : 0
}