{
	"class_name" : "PinholeCameraParameters",
	"extrinsic" : 
	[
		0.080871025729188223,
		-0.18069416991598372,
		0.98020890332412447,
		0.0,
		-0.99533715426642344,
		-0.066511426233996446,
		0.069858281664652411,
		0.0,
		0.052572107950197705,
		-0.98128785131514462,
		-0.18523046813896332,
		0.0,
		-1.7490381905712058,
		1.1776587225978354,
		2.8338844257104987,
		1.0
	],
	"intrinsic" : 
	{
		"height" : 1025,
		"intrinsic_matrix" : 
		[
			667.9030035811179,
			0.0,
			0.0,
			0.0,
			667.9030035811179,
			0.0,
			959.5,
			512.0,
			1.0
		],
		"width" : 1920
	},
	"version_major" : 1,
	"version_minor" : 0
}