{
	"class_name" : "PinholeCameraParameters",
	"extrinsic" : 
	[
		-0.28037263724025219,
		-0.45515208566906934,
		0.84511996970728498,
		0.0,
		-0.94971999804579288,
		0.0037054505802400074,
		-0.31307857631574965,
		0.0,
		0.13936681670629206,
		-0.89040600208393339,
		-0.43330594486351243,
		0.0,
		0.1755111746650983,
		0.91646743340401371,
		3.3019281101882396,
		1.0
	],
	"intrinsic" : 
	{
		"height" : 1025,
		"intrinsic_matrix" : 
		[
			887.67603887904966,
			0.0,
			0.0,
			0.0,
			887.67603887904966,
			0.0,
			959.5,
			512.0,
			1.0
		],
		"width" : 1920
	},
	"version_major" : 1,
	"version_minor" : 0
}