{
	"class_name" : "PinholeCameraParameters",
	"extrinsic" : 
	[
		0.040871284779956697,
		-0.2473961202633688,
		0.96805201190797008,
		0.0,
		-0.99790126247171973,
		-0.058809384398470436,
		0.027102152387237129,
		0.0,
		0.05022557553461942,
		-0.96712802460962011,
		-0.24928051583890493,
		0.0,
		-1.9161739125993835,
		1.0424484469769819,
		2.8223527362117591,
		1.0
	],
	"intrinsic" : 
	{
		"height" : 1025,
		"intrinsic_matrix" : 
		[
			667.9030035811179,
			0.0,
			0.0,
			0.0,
			667.9030035811179,
			0.0,
			959.5,
			512.0,
			1.0
		],
		"width" : 1920
	},
	"version_major" : 1,
	"version_minor" : 0
}