{
	"class_name" : "PinholeCameraParameters",
	"extrinsic" : 
	[
		-0.28815684290341448,
		-0.53032177452179308,
		0.79732330290541087,
		0.0,
		-0.9459119123343247,
		0.028036232720624416,
		-0.32320987571368531,
		0.0,
		0.14905129315761675,
		-0.84733274758083776,
		-0.50971651619812242,
		0.0,
		0.24794060541470408,
		1.4919615003374072,
		4.6307844639163775,
		1.0
	],
	"intrinsic" : 
	{
		"height" : 1025,
		"intrinsic_matrix" : 
		[
			887.67603887904966,
			0.0,
			0.0,
			0.0,
			887.67603887904966,
			0.0,
			959.5,
			512.0,
			1.0
		],
		"width" : 1920
	},
	"version_major" : 1,
	"version_minor" : 0
}