{
	"class_name" : "PinholeCameraParameters",
	"extrinsic" : 
	[
		-0.081344074656794052,
		-0.10194987316376328,
		0.99145820127735218,
		0.0,
		-0.99357224921819021,
		-0.070275960525488318,
		-0.088743872778500626,
		0.0,
		0.078723103989468149,
		-0.99230414326158722,
		-0.095578031807266248,
		0.0,
		-1.4409868943464357,
		0.525153371765397,
		1.5522208279600922,
		1.0
	],
	"intrinsic" : 
	{
		"height" : 1025,
		"intrinsic_matrix" : 
		[
			512.50000000000011,
			0.0,
			0.0,
			0.0,
			512.50000000000011,
			0.0,
			959.5,
			512.0,
			1.0
		],
		"width" : 1920
	},
	"version_major" : 1,
	"version_minor" : 0
}