{
	"class_name" : "PinholeCameraParameters",
	"extrinsic" : 
	[
		-0.25154814441880968,
		-0.64899108777956172,
		0.71800703271079114,
		0.0,
		-0.95753062150156099,
		0.058861793902100779,
		-0.28225945175575801,
		0.0,
		0.1409206866513506,
		-0.75851556160788669,
		-0.63623541466377376,
		0.0,
		-0.09204186457604735,
		1.4168875583790821,
		8.0767923828854133,
		1.0
	],
	"intrinsic" : 
	{
		"height" : 1025,
		"intrinsic_matrix" : 
		[
			1625.4423362111465,
			0.0,
			0.0,
			0.0,
			1625.4423362111465,
			0.0,
			959.5,
			512.0,
			1.0
		],
		"width" : 1920
	},
	"version_major" : 1,
	"version_minor" : 0
}