{
	"class_name" : "PinholeCameraParameters",
	"extrinsic" : 
	[
		0.028667291740885344,
		-0.20212243076354333,
		0.97894060563778829,
		0.0,
		-0.99887867657287377,
		-0.042706701440132305,
		0.020433480861751913,
		0.0,
		0.03767725935185768,
		-0.9784286691600671,
		-0.20312007161625564,
		0.0,
		-0.75806311561113748,
		1.0718304154987512,
		2.8465103385685424,
		1.0
	],
	"intrinsic" : 
	{
		"height" : 1025,
		"intrinsic_matrix" : 
		[
			610.77371620453266,
			0.0,
			0.0,
			0.0,
			610.77371620453266,
			0.0,
			959.5,
			512.0,
			1.0
		],
		"width" : 1920
	},
	"version_major" : 1,
	"version_minor" : 0
}