{
	"class_name" : "PinholeCameraParameters",
	"extrinsic" : 
	[
		0.058189899685142314,
		-0.24949002250099059,
		0.96662746921815157,
		0.0,
		-0.99657397959659577,
		-0.071521614060060371,
		0.041532660801445666,
		0.0,
		0.058772772315394822,
		-0.96573256515181216,
		-0.25279710014093076,
		0.0,
		-2.1665239815938984,
		1.1340539794460107,
		3.7838415703922035,
		1.0
	],
	"intrinsic" : 
	{
		"height" : 1025,
		"intrinsic_matrix" : 
		[
			512.50000000000011,
			0.0,
			0.0,
			0.0,
			512.50000000000011,
			0.0,
			959.5,
			512.0,
			1.0
		],
		"width" : 1920
	},
	"version_major" : 1,
	"version_minor" : 0
}