{
	"class_name" : "PinholeCameraParameters",
	"extrinsic" : 
	[
		1.0,
		-0.0,
		-0.0,
		0.0,
		0.0,
		-1.0,
		-0.0,
		0.0,
		0.0,
		-0.0,
		-1.0,
		0.0,
		3.4338784217834473,
		-2.3701514601707458,
		14.338222714372087,
		1.0
	],
	"intrinsic" : 
	{
		"height" : 1025,
		"intrinsic_matrix" : 
		[
			887.67603887904966,
			0.0,
			0.0,
			0.0,
			887.67603887904966,
			0.0,
			959.5,
			512.0,
			1.0
		],
		"width" : 1920
	},
	"version_major" : 1,
	"version_minor" : 0
}