{
	"class_name" : "PinholeCameraParameters",
	"extrinsic" : 
	[
		0.92125606400374516,
		0.11188927061374984,
		0.37251584618355577,
		0.0,
		0.34950201308878265,
		0.18216409204563358,
		-0.91905635649620454,
		0.0,
		-0.1706915562739291,
		0.97688127973194017,
		0.12871424911823517,
		0.0,
		4.2560819364221505,
		-0.69622659460330283,
		5.8448957643745336,
		1.0
	],
	"intrinsic" : 
	{
		"height" : 1025,
		"intrinsic_matrix" : 
		[
			887.67603887904966,
			0.0,
			0.0,
			0.0,
			887.67603887904966,
			0.0,
			959.5,
			512.0,
			1.0
		],
		"width" : 1920
	},
	"version_major" : 1,
	"version_minor" : 0
}