{
	"class_name" : "PinholeCameraParameters",
	"extrinsic" : 
	[
		-0.87282201344365518,
		0.486687926401,
		0.03628491620024421,
		0.0,
		-0.45210739314474324,
		-0.77832410911328953,
		-0.43567245292406165,
		0.0,
		-0.18379509762784343,
		-0.39666918643688348,
		0.89937362570817725,
		0.0,
		-3.784215684386973,
		0.44051896047874806,
		4.643043801249755,
		1.0
	],
	"intrinsic" : 
	{
		"height" : 1025,
		"intrinsic_matrix" : 
		[
			887.67603887904966,
			0.0,
			0.0,
			0.0,
			887.67603887904966,
			0.0,
			959.5,
			512.0,
			1.0
		],
		"width" : 1920
	},
	"version_major" : 1,
	"version_minor" : 0
}